KEY_TBL||KEY_GROUP||Purpose||SalesNature||DisplayOrder1||DisplayOrder2||Num||Num_Cond1_Col||Num_Cond1_Val||Num_Cond2_Col||Num_Cond2_Val||Num_Cond3_Col||Num_Cond3_Val||Num_Cond4_Col||Num_Cond4_Val||Num_Cond5_Col||Num_Cond5_Val||Num_G_Order_Date||Num_G_Prod_CD||Num_G_Series||Num_G_Product_Nature||Num_G_Color||Num_G_Cust_Nature||Num_G_Prod_Type||Num_G_HSO_DESC||Num_G_CUST_SEGMENT||Num_G_Dummy1||Num_G_Dummy2||Den||Den_Cond1_Col||Den_Cond1_Val||Den_Cond2_Col||Den_Cond2_Val||Den_Cond3_Col||Den_Cond3_Val||Den_Cond4_Col||Den_Cond4_Val||Den_Cond5_Col||Den_Cond5_Val||Den_G_Order_Date||Den_G_Prod_CD||Den_G_Series||Den_G_Product_Nature||Den_G_Color||Den_G_Cust_Nature||Den_G_Prod_Type||Den_G_HSO_DESC||Den_G_CUST_SEGMENT||Den_G_Dummy1||Den_G_Dummy2
PRD_BIZ_SUMM.PREORDER_REG_SUMM_DETAILS||IPHONE XR_XS_XSMAX||IPHONE XR_XS_XSMAX_DAILY_REG||Preorder Nos||1||0||Count(Distinct(Case_ID))||D_Valid||='VALID'||Status||Not in ('VP','VR','VA')||D_Series||is not null|| || || || ||ORIGINAL_SUBMIT_DATE||D_Prod_CD||D_SERIES||D_PRODUCT_NATRURE||D_COLOR||D_CUST_NATURE||D_PROD_TYPE||ANY||ANY||ANY||ANY||1|| || || || || || || || || || || || || || || || || || || ||ANY||ANY
PRD_BIZ_SUMM.PREORDER_REG_SUMM_DETAILS||IPHONE XR_XS_XSMAX||IPHONE XR_XS_XSMAX_DAILY_REG||Allocated Nos||2||0||Count(Distinct(Case_ID))||D_Valid||='VALID'||Status||in ('PF','PRF','F','O')||SERIES||is not null|| || || || ||ORIGINAL_SUBMIT_DATE||Prod_CD||SERIES||PRODUCT_NATRURE||COLOR||D_CUST_NATURE||D_PROD_TYPE||ANY||ANY||ANY||ANY||1|| || || || || || || || || || || || || || || || || || || ||ANY||ANY
PRD_BIZ_SUMM.PREORDER_REG_SUMM_DETAILS||IPHONE XR_XS_XSMAX||IPHONE XR_XS_XSMAX_DAILY_REG||Fulfilled Nos||3||0||Count(Distinct(Case_ID))||D_Valid||='VALID'||D_Status||= 'F'||SERIES||is not null|| || || || ||ORIGINAL_SUBMIT_DATE||Prod_CD||SERIES||PRODUCT_NATRURE||COLOR||D_CUST_NATURE||D_PROD_TYPE||ANY||ANY||ANY||ANY||1|| || || || || || || || || || || || || || || || || || || ||ANY||ANY
PRD_BIZ_SUMM.PREORDER_REG_SUMM_DETAILS||IPHONE XR_XS_XSMAX||IPHONE XR_XS_XSMAX_DAILY_REG||Expired Nos||4||0||Count(Distinct(Case_ID))||D_Valid||='VALID'||D_Status||= 'O'||SERIES||is not null|| || || || ||ORIGINAL_SUBMIT_DATE||Prod_CD||SERIES||PRODUCT_NATRURE||COLOR||D_CUST_NATURE||D_PROD_TYPE||ANY||ANY||ANY||ANY||1|| || || || || || || || || || || || || || || || || || || ||ANY||ANY
PRD_BIZ_SUMM.PREORDER_REG_SUMM_DETAILS||IPHONE XR_XS_XSMAX||IPHONE XR_XS_XSMAX_DAILY_REG||Void Nos||5||0||Count(Distinct(Case_ID))||D_Valid||='VALID'||D_Status||in ('V','VF')||SERIES||is not null|| || || || ||ORIGINAL_SUBMIT_DATE||Prod_CD||SERIES||PRODUCT_NATRURE||COLOR||D_CUST_NATURE||D_PROD_TYPE||ANY||ANY||ANY||ANY||1|| || || || || || || || || || || || || || || || || || || ||ANY||ANY
PRD_BIZ_SUMM.PREORDER_REG_SUMM_DETAILS||IPHONE XR_XS_XSMAX||IPHONE XR_XS_XSMAX_DAILY_REG||Fulfilled %||6||0||Count(Distinct(Case_ID))||D_Valid||='VALID'||D_Status||= 'F'||SERIES||is not null|| || || || ||ORIGINAL_SUBMIT_DATE||Prod_CD||SERIES||PRODUCT_NATRURE||COLOR||D_CUST_NATURE||D_PROD_TYPE||ANY||ANY||ANY||ANY||Count(Distinct(Case_ID))||D_Valid||='VALID'||Status||Not in ('VP','VR','VA')||D_Series||is not null|| || || || ||ORIGINAL_SUBMIT_DATE||D_Prod_CD||D_SERIES||D_PRODUCT_NATRURE||D_COLOR||D_CUST_NATURE||D_PROD_TYPE||ANY||ANY||ANY||ANY
PRD_BIZ_SUMM.PREORDER_REG_SUMM_DETAILS||IPHONE XR_XS_XSMAX||IPHONE XR_XS_XSMAX_DAILY_REG||Expired %||7||0||Count(Distinct(Case_ID))||D_Valid||='VALID'||D_Status||= 'F'||SERIES||is not null|| || || || ||ORIGINAL_SUBMIT_DATE||Prod_CD||SERIES||PRODUCT_NATRURE||COLOR||D_CUST_NATURE||D_PROD_TYPE||ANY||ANY||ANY||ANY||Count(Distinct(Case_ID))||D_Valid||='VALID'||Status||Not in ('VP','VR','VA')||D_Series||is not null|| || || || ||ORIGINAL_SUBMIT_DATE||D_Prod_CD||D_SERIES||D_PRODUCT_NATRURE||D_COLOR||D_CUST_NATURE||D_PROD_TYPE||ANY||ANY||ANY||ANY
PRD_BIZ_SUMM.PREORDER_REG_SUMM_DETAILS||IPHONE XR_XS_XSMAX||IPHONE XR_XS_XSMAX_DAILY_REG||Void %||8||0||Count(Distinct(Case_ID))||D_Valid||='VALID'||D_Status||in ('V','VF')||SERIES||is not null|| || || || ||ORIGINAL_SUBMIT_DATE||Prod_CD||SERIES||PRODUCT_NATRURE||COLOR||D_CUST_NATURE||D_PROD_TYPE||ANY||ANY||ANY||ANY||Count(Distinct(Case_ID))||D_Valid||='VALID'||Status||Not in ('VP','VR','VA')||D_Series||is not null|| || || || ||ORIGINAL_SUBMIT_DATE||D_Prod_CD||D_SERIES||D_PRODUCT_NATRURE||D_COLOR||D_CUST_NATURE||D_PROD_TYPE||ANY||ANY||ANY||ANY
PRD_BIZ_SUMM.PREORDER_REG_SUMM_DETAILS||IPHONE XR_XS_XSMAX||IPHONE XR_XS_XSMAX_DAILY_REG||Preorder Nos||1||0||Count(Distinct(Case_ID))||D_Valid||='VALID'||Status||Not in ('VP','VR','VA')||D_Series||is not null|| || || || ||ORIGINAL_SUBMIT_DATE||ANY||D_SERIES||D_PRODUCT_NATRURE||ANY||D_CUST_NATURE||D_PROD_TYPE||ANY||ANY||ANY||ANY||1|| || || || || || || || || || || || || || || || || || || ||ANY||ANY
PRD_BIZ_SUMM.PREORDER_REG_SUMM_DETAILS||IPHONE XR_XS_XSMAX||IPHONE XR_XS_XSMAX_DAILY_REG||Allocated Nos||2||0||Count(Distinct(Case_ID))||D_Valid||='VALID'||Status||in ('PF','PRF','F','O')||SERIES||is not null|| || || || ||ORIGINAL_SUBMIT_DATE||ANY||SERIES||PRODUCT_NATRURE||ANY||D_CUST_NATURE||D_PROD_TYPE||ANY||ANY||ANY||ANY||1|| || || || || || || || || || || || || || || || || || || ||ANY||ANY
PRD_BIZ_SUMM.PREORDER_REG_SUMM_DETAILS||IPHONE XR_XS_XSMAX||IPHONE XR_XS_XSMAX_DAILY_REG||Fulfilled Nos||3||0||Count(Distinct(Case_ID))||D_Valid||='VALID'||D_Status||= 'F'||SERIES||is not null|| || || || ||ORIGINAL_SUBMIT_DATE||ANY||SERIES||PRODUCT_NATRURE||ANY||D_CUST_NATURE||D_PROD_TYPE||ANY||ANY||ANY||ANY||1|| || || || || || || || || || || || || || || || || || || ||ANY||ANY
PRD_BIZ_SUMM.PREORDER_REG_SUMM_DETAILS||IPHONE XR_XS_XSMAX||IPHONE XR_XS_XSMAX_DAILY_REG||Expired Nos||4||0||Count(Distinct(Case_ID))||D_Valid||='VALID'||D_Status||= 'O'||SERIES||is not null|| || || || ||ORIGINAL_SUBMIT_DATE||ANY||SERIES||PRODUCT_NATRURE||ANY||D_CUST_NATURE||D_PROD_TYPE||ANY||ANY||ANY||ANY||1|| || || || || || || || || || || || || || || || || || || ||ANY||ANY
PRD_BIZ_SUMM.PREORDER_REG_SUMM_DETAILS||IPHONE XR_XS_XSMAX||IPHONE XR_XS_XSMAX_DAILY_REG||Void Nos||5||0||Count(Distinct(Case_ID))||D_Valid||='VALID'||D_Status||in ('V','VF')||SERIES||is not null|| || || || ||ORIGINAL_SUBMIT_DATE||ANY||SERIES||PRODUCT_NATRURE||ANY||D_CUST_NATURE||D_PROD_TYPE||ANY||ANY||ANY||ANY||1|| || || || || || || || || || || || || || || || || || || ||ANY||ANY
PRD_BIZ_SUMM.PREORDER_REG_SUMM_DETAILS||IPHONE XR_XS_XSMAX||IPHONE XR_XS_XSMAX_DAILY_REG||Fulfilled %||6||0||Count(Distinct(Case_ID))||D_Valid||='VALID'||D_Status||= 'F'||SERIES||is not null|| || || || ||ORIGINAL_SUBMIT_DATE||ANY||SERIES||PRODUCT_NATRURE||ANY||D_CUST_NATURE||D_PROD_TYPE||ANY||ANY||ANY||ANY||Count(Distinct(Case_ID))||D_Valid||='VALID'||Status||Not in ('VP','VR','VA')||D_Series||is not null|| || || || ||ORIGINAL_SUBMIT_DATE||ANY||D_SERIES||D_PRODUCT_NATRURE||ANY||D_CUST_NATURE||D_PROD_TYPE||ANY||ANY||ANY||ANY
PRD_BIZ_SUMM.PREORDER_REG_SUMM_DETAILS||IPHONE XR_XS_XSMAX||IPHONE XR_XS_XSMAX_DAILY_REG||Expired %||7||0||Count(Distinct(Case_ID))||D_Valid||='VALID'||D_Status||= 'F'||SERIES||is not null|| || || || ||ORIGINAL_SUBMIT_DATE||ANY||SERIES||PRODUCT_NATRURE||ANY||D_CUST_NATURE||D_PROD_TYPE||ANY||ANY||ANY||ANY||Count(Distinct(Case_ID))||D_Valid||='VALID'||Status||Not in ('VP','VR','VA')||D_Series||is not null|| || || || ||ORIGINAL_SUBMIT_DATE||ANY||D_SERIES||D_PRODUCT_NATRURE||ANY||D_CUST_NATURE||D_PROD_TYPE||ANY||ANY||ANY||ANY
PRD_BIZ_SUMM.PREORDER_REG_SUMM_DETAILS||IPHONE XR_XS_XSMAX||IPHONE XR_XS_XSMAX_DAILY_REG||Void %||8||0||Count(Distinct(Case_ID))||D_Valid||='VALID'||D_Status||in ('V','VF')||SERIES||is not null|| || || || ||ORIGINAL_SUBMIT_DATE||ANY||SERIES||PRODUCT_NATRURE||ANY||D_CUST_NATURE||D_PROD_TYPE||ANY||ANY||ANY||ANY||Count(Distinct(Case_ID))||D_Valid||='VALID'||Status||Not in ('VP','VR','VA')||D_Series||is not null|| || || || ||ORIGINAL_SUBMIT_DATE||ANY||D_SERIES||D_PRODUCT_NATRURE||ANY||D_CUST_NATURE||D_PROD_TYPE||ANY||ANY||ANY||ANY
PRD_BIZ_SUMM.PREORDER_REG_SUMM_DETAILS||IPHONE XR_XS_XSMAX||IPHONE XR_XS_XSMAX_MTHLY_REG||Preorder Nos||1||0||Count(Distinct(Case_ID))||D_Valid||='VALID'||Status||Not in ('VP','VR','VA')||D_Series||is not null|| || || || ||Fist_of_Month(ORIGINAL_SUBMIT_DATE)||D_Prod_CD||D_SERIES||D_PRODUCT_NATRURE||D_COLOR||D_CUST_NATURE||D_PROD_TYPE||ANY||ANY||ANY||ANY||1|| || || || || || || || || || || || || || || || || || || ||ANY||ANY
PRD_BIZ_SUMM.PREORDER_REG_SUMM_DETAILS||IPHONE XR_XS_XSMAX||IPHONE XR_XS_XSMAX_MTHLY_REG||Allocated Nos||2||0||Count(Distinct(Case_ID))||D_Valid||='VALID'||Status||in ('PF','PRF','F','O')||SERIES||is not null|| || || || ||Fist_of_Month(ORIGINAL_SUBMIT_DATE)||Prod_CD||SERIES||PRODUCT_NATRURE||COLOR||D_CUST_NATURE||D_PROD_TYPE||ANY||ANY||ANY||ANY||1|| || || || || || || || || || || || || || || || || || || ||ANY||ANY
PRD_BIZ_SUMM.PREORDER_REG_SUMM_DETAILS||IPHONE XR_XS_XSMAX||IPHONE XR_XS_XSMAX_MTHLY_REG||Fulfilled Nos||3||0||Count(Distinct(Case_ID))||D_Valid||='VALID'||D_Status||= 'F'||SERIES||is not null|| || || || ||Fist_of_Month(ORIGINAL_SUBMIT_DATE)||Prod_CD||SERIES||PRODUCT_NATRURE||COLOR||D_CUST_NATURE||D_PROD_TYPE||ANY||ANY||ANY||ANY||1|| || || || || || || || || || || || || || || || || || || ||ANY||ANY
PRD_BIZ_SUMM.PREORDER_REG_SUMM_DETAILS||IPHONE XR_XS_XSMAX||IPHONE XR_XS_XSMAX_MTHLY_REG||Expired Nos||4||0||Count(Distinct(Case_ID))||D_Valid||='VALID'||D_Status||= 'O'||SERIES||is not null|| || || || ||Fist_of_Month(ORIGINAL_SUBMIT_DATE)||Prod_CD||SERIES||PRODUCT_NATRURE||COLOR||D_CUST_NATURE||D_PROD_TYPE||ANY||ANY||ANY||ANY||1|| || || || || || || || || || || || || || || || || || || ||ANY||ANY
PRD_BIZ_SUMM.PREORDER_REG_SUMM_DETAILS||IPHONE XR_XS_XSMAX||IPHONE XR_XS_XSMAX_MTHLY_REG||Void Nos||5||0||Count(Distinct(Case_ID))||D_Valid||='VALID'||D_Status||in ('V','VF')||SERIES||is not null|| || || || ||Fist_of_Month(ORIGINAL_SUBMIT_DATE)||Prod_CD||SERIES||PRODUCT_NATRURE||COLOR||D_CUST_NATURE||D_PROD_TYPE||ANY||ANY||ANY||ANY||1|| || || || || || || || || || || || || || || || || || || ||ANY||ANY
PRD_BIZ_SUMM.PREORDER_REG_SUMM_DETAILS||IPHONE XR_XS_XSMAX||IPHONE XR_XS_XSMAX_MTHLY_REG||Fulfilled %||6||0||Count(Distinct(Case_ID))||D_Valid||='VALID'||D_Status||= 'F'||SERIES||is not null|| || || || ||Fist_of_Month(ORIGINAL_SUBMIT_DATE)||Prod_CD||SERIES||PRODUCT_NATRURE||COLOR||D_CUST_NATURE||D_PROD_TYPE||ANY||ANY||ANY||ANY||Count(Distinct(Case_ID))||D_Valid||'='VALID'||Status||Not in ('VP','VR','VA')||D_Series||is not null|| || || || ||Fist_of_Month(ORIGINAL_SUBMIT_DATE)||D_Prod_CD||D_SERIES||D_PRODUCT_NATRURE||D_COLOR||D_CUST_NATURE||D_PROD_TYPE||ANY||ANY||ANY||ANY
PRD_BIZ_SUMM.PREORDER_REG_SUMM_DETAILS||IPHONE XR_XS_XSMAX||IPHONE XR_XS_XSMAX_MTHLY_REG||Expired %||7||0||Count(Distinct(Case_ID))||D_Valid||='VALID'||D_Status||= 'F'||SERIES||is not null|| || || || ||Fist_of_Month(ORIGINAL_SUBMIT_DATE)||Prod_CD||SERIES||PRODUCT_NATRURE||COLOR||D_CUST_NATURE||D_PROD_TYPE||ANY||ANY||ANY||ANY||Count(Distinct(Case_ID))||D_Valid||'='VALID'||Status||Not in ('VP','VR','VA')||D_Series||is not null|| || || || ||Fist_of_Month(ORIGINAL_SUBMIT_DATE)||D_Prod_CD||D_SERIES||D_PRODUCT_NATRURE||D_COLOR||D_CUST_NATURE||D_PROD_TYPE||ANY||ANY||ANY||ANY
PRD_BIZ_SUMM.PREORDER_REG_SUMM_DETAILS||IPHONE XR_XS_XSMAX||IPHONE XR_XS_XSMAX_MTHLY_REG||Void %||8||0||Count(Distinct(Case_ID))||D_Valid||='VALID'||D_Status||in ('V','VF')||SERIES||is not null|| || || || ||Fist_of_Month(ORIGINAL_SUBMIT_DATE)||Prod_CD||SERIES||PRODUCT_NATRURE||COLOR||D_CUST_NATURE||D_PROD_TYPE||ANY||ANY||ANY||ANY||Count(Distinct(Case_ID))||D_Valid||='VALID'||Status||Not in ('VP','VR','VA')||D_Series||is not null|| || || || ||Fist_of_Month(ORIGINAL_SUBMIT_DATE)||D_Prod_CD||D_SERIES||D_PRODUCT_NATRURE||D_COLOR||D_CUST_NATURE||D_PROD_TYPE||ANY||ANY||ANY||ANY
PRD_BIZ_SUMM.PREORDER_REG_SUMM_DETAILS||IPHONE XR_XS_XSMAX||IPHONE XR_XS_XSMAX_MTHLY_REG||Preorder Nos||1||0||Count(Distinct(Case_ID))||D_Valid||='VALID'||Status||Not in ('VP','VR','VA')||D_Series||is not null|| || || || ||Fist_of_Month(ORIGINAL_SUBMIT_DATE)||ANY||D_SERIES||D_PRODUCT_NATRURE||ANY||D_CUST_NATURE||D_PROD_TYPE||ANY||ANY||ANY||ANY||1|| || || || || || || || || || || || || || || || || || || ||ANY||ANY
PRD_BIZ_SUMM.PREORDER_REG_SUMM_DETAILS||IPHONE XR_XS_XSMAX||IPHONE XR_XS_XSMAX_MTHLY_REG||Allocated Nos||2||0||Count(Distinct(Case_ID))||D_Valid||='VALID'||Status||in ('PF','PRF','F','O')||SERIES||is not null|| || || || ||Fist_of_Month(ORIGINAL_SUBMIT_DATE)||ANY||SERIES||PRODUCT_NATRURE||ANY||D_CUST_NATURE||D_PROD_TYPE||ANY||ANY||ANY||ANY||1|| || || || || || || || || || || || || || || || || || || ||ANY||ANY
PRD_BIZ_SUMM.PREORDER_REG_SUMM_DETAILS||IPHONE XR_XS_XSMAX||IPHONE XR_XS_XSMAX_MTHLY_REG||Fulfilled Nos||3||0||Count(Distinct(Case_ID))||D_Valid||='VALID'||D_Status||= 'F'||SERIES||is not null|| || || || ||Fist_of_Month(ORIGINAL_SUBMIT_DATE)||ANY||SERIES||PRODUCT_NATRURE||ANY||D_CUST_NATURE||D_PROD_TYPE||ANY||ANY||ANY||ANY||1|| || || || || || || || || || || || || || || || || || || ||ANY||ANY
PRD_BIZ_SUMM.PREORDER_REG_SUMM_DETAILS||IPHONE XR_XS_XSMAX||IPHONE XR_XS_XSMAX_MTHLY_REG||Expired Nos||4||0||Count(Distinct(Case_ID))||D_Valid||='VALID'||D_Status||= 'O'||SERIES||is not null|| || || || ||Fist_of_Month(ORIGINAL_SUBMIT_DATE)||ANY||SERIES||PRODUCT_NATRURE||ANY||D_CUST_NATURE||D_PROD_TYPE||ANY||ANY||ANY||ANY||1|| || || || || || || || || || || || || || || || || || || ||ANY||ANY
PRD_BIZ_SUMM.PREORDER_REG_SUMM_DETAILS||IPHONE XR_XS_XSMAX||IPHONE XR_XS_XSMAX_MTHLY_REG||Void Nos||5||0||Count(Distinct(Case_ID))||D_Valid||='VALID'||D_Status||in ('V','VF')||SERIES||is not null|| || || || ||Fist_of_Month(ORIGINAL_SUBMIT_DATE)||ANY||SERIES||PRODUCT_NATRURE||ANY||D_CUST_NATURE||D_PROD_TYPE||ANY||ANY||ANY||ANY||1|| || || || || || || || || || || || || || || || || || || ||ANY||ANY
PRD_BIZ_SUMM.PREORDER_REG_SUMM_DETAILS||IPHONE XR_XS_XSMAX||IPHONE XR_XS_XSMAX_MTHLY_REG||Fulfilled %||6||0||Count(Distinct(Case_ID))||D_Valid||='VALID'||D_Status||= 'F'||SERIES||is not null|| || || || ||Fist_of_Month(ORIGINAL_SUBMIT_DATE)||ANY||SERIES||PRODUCT_NATRURE||ANY||D_CUST_NATURE||D_PROD_TYPE||ANY||ANY||ANY||ANY||Count(Distinct(Case_ID))||D_Valid||'='VALID'||Status||Not in ('VP','VR','VA')||D_Series||is not null|| || || || ||Fist_of_Month(ORIGINAL_SUBMIT_DATE)||ANY||D_SERIES||D_PRODUCT_NATRURE||ANY||D_CUST_NATURE||D_PROD_TYPE||ANY||ANY||ANY||ANY
PRD_BIZ_SUMM.PREORDER_REG_SUMM_DETAILS||IPHONE XR_XS_XSMAX||IPHONE XR_XS_XSMAX_MTHLY_REG||Expired %||7||0||Count(Distinct(Case_ID))||D_Valid||='VALID'||D_Status||= 'F'||SERIES||is not null|| || || || ||Fist_of_Month(ORIGINAL_SUBMIT_DATE)||ANY||SERIES||PRODUCT_NATRURE||ANY||D_CUST_NATURE||D_PROD_TYPE||ANY||ANY||ANY||ANY||Count(Distinct(Case_ID))||D_Valid||'='VALID'||Status||Not in ('VP','VR','VA')||D_Series||is not null|| || || || ||Fist_of_Month(ORIGINAL_SUBMIT_DATE)||ANY||D_SERIES||D_PRODUCT_NATRURE||ANY||D_CUST_NATURE||D_PROD_TYPE||ANY||ANY||ANY||ANY
PRD_BIZ_SUMM.PREORDER_REG_SUMM_DETAILS||IPHONE XR_XS_XSMAX||IPHONE XR_XS_XSMAX_MTHLY_REG||Void %||8||0||Count(Distinct(Case_ID))||D_Valid||='VALID'||D_Status||in ('V','VF')||SERIES||is not null|| || || || ||Fist_of_Month(ORIGINAL_SUBMIT_DATE)||ANY||SERIES||PRODUCT_NATRURE||ANY||D_CUST_NATURE||D_PROD_TYPE||ANY||ANY||ANY||ANY||Count(Distinct(Case_ID))||D_Valid||='VALID'||Status||Not in ('VP','VR','VA')||D_Series||is not null|| || || || ||Fist_of_Month(ORIGINAL_SUBMIT_DATE)||ANY||D_SERIES||D_PRODUCT_NATRURE||ANY||D_CUST_NATURE||D_PROD_TYPE||ANY||ANY||ANY||ANY
PRD_BIZ_SUMM.PREORDER_REG_SUMM_DETAILS||IPHONE XR_XS_XSMAX||IPHONE XR_XS_XSMAX_GRANT_REG||Preorder Nos||1||0||Count(Distinct(Case_ID))||D_Valid||='VALID'||Status||Not in ('VP','VR','VA')||D_Series||is not null|| || || || ||'1900-01-01'||D_Prod_CD||D_SERIES||D_PRODUCT_NATRURE||D_COLOR||D_CUST_NATURE||D_PROD_TYPE||ANY||ANY||ANY||ANY||1|| || || || || || || || || || || || || || || || || || || ||ANY||ANY
PRD_BIZ_SUMM.PREORDER_REG_SUMM_DETAILS||IPHONE XR_XS_XSMAX||IPHONE XR_XS_XSMAX_GRANT_REG||Allocated Nos||2||0||Count(Distinct(Case_ID))||D_Valid||='VALID'||Status||in ('PF','PRF','F','O')||SERIES||is not null|| || || || ||'1900-01-01'||Prod_CD||SERIES||PRODUCT_NATRURE||COLOR||D_CUST_NATURE||D_PROD_TYPE||ANY||ANY||ANY||ANY||1|| || || || || || || || || || || || || || || || || || || ||ANY||ANY
PRD_BIZ_SUMM.PREORDER_REG_SUMM_DETAILS||IPHONE XR_XS_XSMAX||IPHONE XR_XS_XSMAX_GRANT_REG||Fulfilled Nos||3||0||Count(Distinct(Case_ID))||D_Valid||='VALID'||D_Status||= 'F'||SERIES||is not null|| || || || ||'1900-01-01'||Prod_CD||SERIES||PRODUCT_NATRURE||COLOR||D_CUST_NATURE||D_PROD_TYPE||ANY||ANY||ANY||ANY||1|| || || || || || || || || || || || || || || || || || || ||ANY||ANY
PRD_BIZ_SUMM.PREORDER_REG_SUMM_DETAILS||IPHONE XR_XS_XSMAX||IPHONE XR_XS_XSMAX_GRANT_REG||Expired Nos||4||0||Count(Distinct(Case_ID))||D_Valid||='VALID'||D_Status||= 'O'||SERIES||is not null|| || || || ||'1900-01-01'||Prod_CD||SERIES||PRODUCT_NATRURE||COLOR||D_CUST_NATURE||D_PROD_TYPE||ANY||ANY||ANY||ANY||1|| || || || || || || || || || || || || || || || || || || ||ANY||ANY
PRD_BIZ_SUMM.PREORDER_REG_SUMM_DETAILS||IPHONE XR_XS_XSMAX||IPHONE XR_XS_XSMAX_GRANT_REG||Void Nos||5||0||Count(Distinct(Case_ID))||D_Valid||='VALID'||D_Status||in ('V','VF')||SERIES||is not null|| || || || ||'1900-01-01'||Prod_CD||SERIES||PRODUCT_NATRURE||COLOR||D_CUST_NATURE||D_PROD_TYPE||ANY||ANY||ANY||ANY||1|| || || || || || || || || || || || || || || || || || || ||ANY||ANY
PRD_BIZ_SUMM.PREORDER_REG_SUMM_DETAILS||IPHONE XR_XS_XSMAX||IPHONE XR_XS_XSMAX_GRANT_REG||Fulfilled %||6||0||Count(Distinct(Case_ID))||D_Valid||='VALID'||D_Status||= 'F'||SERIES||is not null|| || || || ||'1900-01-01'||Prod_CD||SERIES||PRODUCT_NATRURE||COLOR||D_CUST_NATURE||D_PROD_TYPE||ANY||ANY||ANY||ANY||Count(Distinct(Case_ID))||D_Valid||='VALID'||Status||Not in ('VP','VR','VA')||D_Series||is not null|| || || || ||'1900-01-01'||D_Prod_CD||D_SERIES||D_PRODUCT_NATRURE||D_COLOR||D_CUST_NATURE||D_PROD_TYPE||ANY||ANY||ANY||ANY
PRD_BIZ_SUMM.PREORDER_REG_SUMM_DETAILS||IPHONE XR_XS_XSMAX||IPHONE XR_XS_XSMAX_GRANT_REG||Expired %||7||0||Count(Distinct(Case_ID))||D_Valid||='VALID'||D_Status||= 'F'||SERIES||is not null|| || || || ||'1900-01-01'||Prod_CD||SERIES||PRODUCT_NATRURE||COLOR||D_CUST_NATURE||D_PROD_TYPE||ANY||ANY||ANY||ANY||Count(Distinct(Case_ID))||D_Valid||='VALID'||Status||Not in ('VP','VR','VA')||D_Series||is not null|| || || || ||'1900-01-01'||D_Prod_CD||D_SERIES||D_PRODUCT_NATRURE||D_COLOR||D_CUST_NATURE||D_PROD_TYPE||ANY||ANY||ANY||ANY
PRD_BIZ_SUMM.PREORDER_REG_SUMM_DETAILS||IPHONE XR_XS_XSMAX||IPHONE XR_XS_XSMAX_GRANT_REG||Void %||8||0||Count(Distinct(Case_ID))||D_Valid||='VALID'||D_Status||in ('V','VF')||SERIES||is not null|| || || || ||'1900-01-01'||Prod_CD||SERIES||PRODUCT_NATRURE||COLOR||D_CUST_NATURE||D_PROD_TYPE||ANY||ANY||ANY||ANY||Count(Distinct(Case_ID))||D_Valid||='VALID'||Status||Not in ('VP','VR','VA')||D_Series||is not null|| || || || ||'1900-01-01'||D_Prod_CD||D_SERIES||D_PRODUCT_NATRURE||D_COLOR||D_CUST_NATURE||D_PROD_TYPE||ANY||ANY||ANY||ANY
PRD_BIZ_SUMM.PREORDER_REG_SUMM_DETAILS||IPHONE XR_XS_XSMAX||IPHONE XR_XS_XSMAX_GRANT_REG||Preorder Nos||1||0||Count(Distinct(Case_ID))||D_Valid||='VALID'||Status||Not in ('VP','VR','VA')||D_Series||is not null|| || || || ||'1900-01-01'||ANY||D_SERIES||D_PRODUCT_NATRURE||ANY||D_CUST_NATURE||D_PROD_TYPE||ANY||ANY||ANY||ANY||1|| || || || || || || || || || || || || || || || || || || ||ANY||ANY
PRD_BIZ_SUMM.PREORDER_REG_SUMM_DETAILS||IPHONE XR_XS_XSMAX||IPHONE XR_XS_XSMAX_GRANT_REG||Allocated Nos||2||0||Count(Distinct(Case_ID))||D_Valid||='VALID'||Status||in ('PF','PRF','F','O')||SERIES||is not null|| || || || ||'1900-01-01'||ANY||SERIES||PRODUCT_NATRURE||ANY||D_CUST_NATURE||D_PROD_TYPE||ANY||ANY||ANY||ANY||1|| || || || || || || || || || || || || || || || || || || ||ANY||ANY
PRD_BIZ_SUMM.PREORDER_REG_SUMM_DETAILS||IPHONE XR_XS_XSMAX||IPHONE XR_XS_XSMAX_GRANT_REG||Fulfilled Nos||3||0||Count(Distinct(Case_ID))||D_Valid||='VALID'||D_Status||= 'F'||SERIES||is not null|| || || || ||'1900-01-01'||ANY||SERIES||PRODUCT_NATRURE||ANY||D_CUST_NATURE||D_PROD_TYPE||ANY||ANY||ANY||ANY||1|| || || || || || || || || || || || || || || || || || || ||ANY||ANY
PRD_BIZ_SUMM.PREORDER_REG_SUMM_DETAILS||IPHONE XR_XS_XSMAX||IPHONE XR_XS_XSMAX_GRANT_REG||Expired Nos||4||0||Count(Distinct(Case_ID))||D_Valid||='VALID'||D_Status||= 'O'||SERIES||is not null|| || || || ||'1900-01-01'||ANY||SERIES||PRODUCT_NATRURE||ANY||D_CUST_NATURE||D_PROD_TYPE||ANY||ANY||ANY||ANY||1|| || || || || || || || || || || || || || || || || || || ||ANY||ANY
PRD_BIZ_SUMM.PREORDER_REG_SUMM_DETAILS||IPHONE XR_XS_XSMAX||IPHONE XR_XS_XSMAX_GRANT_REG||Void Nos||5||0||Count(Distinct(Case_ID))||D_Valid||='VALID'||D_Status||in ('V','VF')||SERIES||is not null|| || || || ||'1900-01-01'||ANY||SERIES||PRODUCT_NATRURE||ANY||D_CUST_NATURE||D_PROD_TYPE||ANY||ANY||ANY||ANY||1|| || || || || || || || || || || || || || || || || || || ||ANY||ANY
PRD_BIZ_SUMM.PREORDER_REG_SUMM_DETAILS||IPHONE XR_XS_XSMAX||IPHONE XR_XS_XSMAX_GRANT_REG||Fulfilled %||6||0||Count(Distinct(Case_ID))||D_Valid||='VALID'||D_Status||= 'F'||SERIES||is not null|| || || || ||'1900-01-01'||ANY||SERIES||PRODUCT_NATRURE||ANY||D_CUST_NATURE||D_PROD_TYPE||ANY||ANY||ANY||ANY||Count(Distinct(Case_ID))||D_Valid||='VALID'||Status||Not in ('VP','VR','VA')||D_Series||is not null|| || || || ||'1900-01-01'||ANY||D_SERIES||D_PRODUCT_NATRURE||ANY||D_CUST_NATURE||D_PROD_TYPE||ANY||ANY||ANY||ANY
PRD_BIZ_SUMM.PREORDER_REG_SUMM_DETAILS||IPHONE XR_XS_XSMAX||IPHONE XR_XS_XSMAX_GRANT_REG||Expired %||7||0||Count(Distinct(Case_ID))||D_Valid||='VALID'||D_Status||= 'F'||SERIES||is not null|| || || || ||'1900-01-01'||ANY||SERIES||PRODUCT_NATRURE||ANY||D_CUST_NATURE||D_PROD_TYPE||ANY||ANY||ANY||ANY||Count(Distinct(Case_ID))||D_Valid||='VALID'||Status||Not in ('VP','VR','VA')||D_Series||is not null|| || || || ||'1900-01-01'||ANY||D_SERIES||D_PRODUCT_NATRURE||ANY||D_CUST_NATURE||D_PROD_TYPE||ANY||ANY||ANY||ANY
PRD_BIZ_SUMM.PREORDER_REG_SUMM_DETAILS||IPHONE XR_XS_XSMAX||IPHONE XR_XS_XSMAX_GRANT_REG||Void %||8||0||Count(Distinct(Case_ID))||D_Valid||='VALID'||D_Status||in ('V','VF')||SERIES||is not null|| || || || ||'1900-01-01'||ANY||SERIES||PRODUCT_NATRURE||ANY||D_CUST_NATURE||D_PROD_TYPE||ANY||ANY||ANY||ANY||Count(Distinct(Case_ID))||D_Valid||='VALID'||Status||Not in ('VP','VR','VA')||D_Series||is not null|| || || || ||'1900-01-01'||ANY||D_SERIES||D_PRODUCT_NATRURE||ANY||D_CUST_NATURE||D_PROD_TYPE||ANY||ANY||ANY||ANY
PRD_BIZ_SUMM.PREORDER_REG_SUMM_DETAILS||IPHONE XR_XS_XSMAX||IPHONE XR_XS_XSMAX_DAILY_HSO||Preorder Nos||1||0||Count(Distinct(Case_ID))||D_Valid||='VALID'||Status||Not in ('VP','VR','VA')||D_Series||is not null|| || || || ||ORIGINAL_SUBMIT_DATE||D_Prod_CD||D_SERIES||D_PRODUCT_NATRURE||D_COLOR||D_CUST_NATURE||D_PROD_TYPE||D_HSO_DESC||ANY||ANY||ANY||1|| || || || || || || || || || || || || || || || || || || ||ANY||ANY
PRD_BIZ_SUMM.PREORDER_REG_SUMM_DETAILS||IPHONE XR_XS_XSMAX||IPHONE XR_XS_XSMAX_DAILY_HSO||Allocated Nos||2||0||Count(Distinct(Case_ID))||D_Valid||='VALID'||Status||in ('PF','PRF','F','O')||SERIES||is not null|| || || || ||ORIGINAL_SUBMIT_DATE||Prod_CD||SERIES||PRODUCT_NATRURE||COLOR||D_CUST_NATURE||D_PROD_TYPE||D_HSO_DESC||ANY||ANY||ANY||1|| || || || || || || || || || || || || || || || || || || ||ANY||ANY
PRD_BIZ_SUMM.PREORDER_REG_SUMM_DETAILS||IPHONE XR_XS_XSMAX||IPHONE XR_XS_XSMAX_DAILY_HSO||Fulfilled Nos||3||0||Count(Distinct(Case_ID))||D_Valid||='VALID'||D_Status||= 'F'||SERIES||is not null|| || || || ||ORIGINAL_SUBMIT_DATE||Prod_CD||SERIES||PRODUCT_NATRURE||COLOR||D_CUST_NATURE||D_PROD_TYPE||D_HSO_DESC||ANY||ANY||ANY||1|| || || || || || || || || || || || || || || || || || || ||ANY||ANY
PRD_BIZ_SUMM.PREORDER_REG_SUMM_DETAILS||IPHONE XR_XS_XSMAX||IPHONE XR_XS_XSMAX_DAILY_HSO||Expired Nos||4||0||Count(Distinct(Case_ID))||D_Valid||='VALID'||D_Status||= 'O'||SERIES||is not null|| || || || ||ORIGINAL_SUBMIT_DATE||Prod_CD||SERIES||PRODUCT_NATRURE||COLOR||D_CUST_NATURE||D_PROD_TYPE||D_HSO_DESC||ANY||ANY||ANY||1|| || || || || || || || || || || || || || || || || || || ||ANY||ANY
PRD_BIZ_SUMM.PREORDER_REG_SUMM_DETAILS||IPHONE XR_XS_XSMAX||IPHONE XR_XS_XSMAX_DAILY_HSO||Void Nos||5||0||Count(Distinct(Case_ID))||D_Valid||='VALID'||D_Status||in ('V','VF')||SERIES||is not null|| || || || ||ORIGINAL_SUBMIT_DATE||Prod_CD||SERIES||PRODUCT_NATRURE||COLOR||D_CUST_NATURE||D_PROD_TYPE||D_HSO_DESC||ANY||ANY||ANY||1|| || || || || || || || || || || || || || || || || || || ||ANY||ANY
PRD_BIZ_SUMM.PREORDER_REG_SUMM_DETAILS||IPHONE XR_XS_XSMAX||IPHONE XR_XS_XSMAX_DAILY_HSO||Fulfilled %||6||0||Count(Distinct(Case_ID))||D_Valid||='VALID'||D_Status||= 'F'||SERIES||is not null|| || || || ||ORIGINAL_SUBMIT_DATE||Prod_CD||SERIES||PRODUCT_NATRURE||COLOR||D_CUST_NATURE||D_PROD_TYPE||D_HSO_DESC||ANY||ANY||ANY||Count(Distinct(Case_ID))||D_Valid||='VALID'||Status||Not in ('VP','VR','VA')||D_Series||is not null|| || || || ||ORIGINAL_SUBMIT_DATE||D_Prod_CD||D_SERIES||D_PRODUCT_NATRURE||D_COLOR||D_CUST_NATURE||D_PROD_TYPE||D_HSO_DESC||ANY||ANY||ANY
PRD_BIZ_SUMM.PREORDER_REG_SUMM_DETAILS||IPHONE XR_XS_XSMAX||IPHONE XR_XS_XSMAX_DAILY_HSO||Expired %||7||0||Count(Distinct(Case_ID))||D_Valid||='VALID'||D_Status||= 'F'||SERIES||is not null|| || || || ||ORIGINAL_SUBMIT_DATE||Prod_CD||SERIES||PRODUCT_NATRURE||COLOR||D_CUST_NATURE||D_PROD_TYPE||D_HSO_DESC||ANY||ANY||ANY||Count(Distinct(Case_ID))||D_Valid||='VALID'||Status||Not in ('VP','VR','VA')||D_Series||is not null|| || || || ||ORIGINAL_SUBMIT_DATE||D_Prod_CD||D_SERIES||D_PRODUCT_NATRURE||D_COLOR||D_CUST_NATURE||D_PROD_TYPE||D_HSO_DESC||ANY||ANY||ANY
PRD_BIZ_SUMM.PREORDER_REG_SUMM_DETAILS||IPHONE XR_XS_XSMAX||IPHONE XR_XS_XSMAX_DAILY_HSO||Void %||8||0||Count(Distinct(Case_ID))||D_Valid||='VALID'||D_Status||in ('V','VF')||SERIES||is not null|| || || || ||ORIGINAL_SUBMIT_DATE||Prod_CD||SERIES||PRODUCT_NATRURE||COLOR||D_CUST_NATURE||D_PROD_TYPE||D_HSO_DESC||ANY||ANY||ANY||Count(Distinct(Case_ID))||D_Valid||='VALID'||Status||Not in ('VP','VR','VA')||D_Series||is not null|| || || || ||ORIGINAL_SUBMIT_DATE||D_Prod_CD||D_SERIES||D_PRODUCT_NATRURE||D_COLOR||D_CUST_NATURE||D_PROD_TYPE||D_HSO_DESC||ANY||ANY||ANY
PRD_BIZ_SUMM.PREORDER_REG_SUMM_DETAILS||IPHONE XR_XS_XSMAX||IPHONE XR_XS_XSMAX_DAILY_HSO||Preorder Nos||1||0||Count(Distinct(Case_ID))||D_Valid||='VALID'||Status||Not in ('VP','VR','VA')||D_Series||is not null|| || || || ||ORIGINAL_SUBMIT_DATE||ANY||D_SERIES||D_PRODUCT_NATRURE||ANY||D_CUST_NATURE||D_PROD_TYPE||D_HSO_DESC||ANY||ANY||ANY||1|| || || || || || || || || || || || || || || || || || || ||ANY||ANY
PRD_BIZ_SUMM.PREORDER_REG_SUMM_DETAILS||IPHONE XR_XS_XSMAX||IPHONE XR_XS_XSMAX_DAILY_HSO||Allocated Nos||2||0||Count(Distinct(Case_ID))||D_Valid||='VALID'||Status||in ('PF','PRF','F','O')||SERIES||is not null|| || || || ||ORIGINAL_SUBMIT_DATE||ANY||SERIES||PRODUCT_NATRURE||ANY||D_CUST_NATURE||D_PROD_TYPE||D_HSO_DESC||ANY||ANY||ANY||1|| || || || || || || || || || || || || || || || || || || ||ANY||ANY
PRD_BIZ_SUMM.PREORDER_REG_SUMM_DETAILS||IPHONE XR_XS_XSMAX||IPHONE XR_XS_XSMAX_DAILY_HSO||Fulfilled Nos||3||0||Count(Distinct(Case_ID))||D_Valid||='VALID'||D_Status||= 'F'||SERIES||is not null|| || || || ||ORIGINAL_SUBMIT_DATE||ANY||SERIES||PRODUCT_NATRURE||ANY||D_CUST_NATURE||D_PROD_TYPE||D_HSO_DESC||ANY||ANY||ANY||1|| || || || || || || || || || || || || || || || || || || ||ANY||ANY
PRD_BIZ_SUMM.PREORDER_REG_SUMM_DETAILS||IPHONE XR_XS_XSMAX||IPHONE XR_XS_XSMAX_DAILY_HSO||Expired Nos||4||0||Count(Distinct(Case_ID))||D_Valid||='VALID'||D_Status||= 'O'||SERIES||is not null|| || || || ||ORIGINAL_SUBMIT_DATE||ANY||SERIES||PRODUCT_NATRURE||ANY||D_CUST_NATURE||D_PROD_TYPE||D_HSO_DESC||ANY||ANY||ANY||1|| || || || || || || || || || || || || || || || || || || ||ANY||ANY
PRD_BIZ_SUMM.PREORDER_REG_SUMM_DETAILS||IPHONE XR_XS_XSMAX||IPHONE XR_XS_XSMAX_DAILY_HSO||Void Nos||5||0||Count(Distinct(Case_ID))||D_Valid||='VALID'||D_Status||in ('V','VF')||SERIES||is not null|| || || || ||ORIGINAL_SUBMIT_DATE||ANY||SERIES||PRODUCT_NATRURE||ANY||D_CUST_NATURE||D_PROD_TYPE||D_HSO_DESC||ANY||ANY||ANY||1|| || || || || || || || || || || || || || || || || || || ||ANY||ANY
PRD_BIZ_SUMM.PREORDER_REG_SUMM_DETAILS||IPHONE XR_XS_XSMAX||IPHONE XR_XS_XSMAX_DAILY_HSO||Fulfilled %||6||0||Count(Distinct(Case_ID))||D_Valid||='VALID'||D_Status||= 'F'||SERIES||is not null|| || || || ||ORIGINAL_SUBMIT_DATE||ANY||SERIES||PRODUCT_NATRURE||ANY||D_CUST_NATURE||D_PROD_TYPE||D_HSO_DESC||ANY||ANY||ANY||Count(Distinct(Case_ID))||D_Valid||='VALID'||Status||Not in ('VP','VR','VA')||D_Series||is not null|| || || || ||ORIGINAL_SUBMIT_DATE||ANY||D_SERIES||D_PRODUCT_NATRURE||ANY||D_CUST_NATURE||D_PROD_TYPE||D_HSO_DESC||ANY||ANY||ANY
PRD_BIZ_SUMM.PREORDER_REG_SUMM_DETAILS||IPHONE XR_XS_XSMAX||IPHONE XR_XS_XSMAX_DAILY_HSO||Expired %||7||0||Count(Distinct(Case_ID))||D_Valid||='VALID'||D_Status||= 'F'||SERIES||is not null|| || || || ||ORIGINAL_SUBMIT_DATE||ANY||SERIES||PRODUCT_NATRURE||ANY||D_CUST_NATURE||D_PROD_TYPE||D_HSO_DESC||ANY||ANY||ANY||Count(Distinct(Case_ID))||D_Valid||='VALID'||Status||Not in ('VP','VR','VA')||D_Series||is not null|| || || || ||ORIGINAL_SUBMIT_DATE||ANY||D_SERIES||D_PRODUCT_NATRURE||ANY||D_CUST_NATURE||D_PROD_TYPE||D_HSO_DESC||ANY||ANY||ANY
PRD_BIZ_SUMM.PREORDER_REG_SUMM_DETAILS||IPHONE XR_XS_XSMAX||IPHONE XR_XS_XSMAX_DAILY_HSO||Void %||8||0||Count(Distinct(Case_ID))||D_Valid||='VALID'||D_Status||in ('V','VF')||SERIES||is not null|| || || || ||ORIGINAL_SUBMIT_DATE||ANY||SERIES||PRODUCT_NATRURE||ANY||D_CUST_NATURE||D_PROD_TYPE||D_HSO_DESC||ANY||ANY||ANY||Count(Distinct(Case_ID))||D_Valid||='VALID'||Status||Not in ('VP','VR','VA')||D_Series||is not null|| || || || ||ORIGINAL_SUBMIT_DATE||ANY||D_SERIES||D_PRODUCT_NATRURE||ANY||D_CUST_NATURE||D_PROD_TYPE||D_HSO_DESC||ANY||ANY||ANY
PRD_BIZ_SUMM.PREORDER_REG_SUMM_DETAILS||IPHONE XR_XS_XSMAX||IPHONE XR_XS_XSMAX_MTHLY_HSO||Preorder Nos||1||0||Count(Distinct(Case_ID))||D_Valid||='VALID'||Status||Not in ('VP','VR','VA')||D_Series||is not null|| || || || ||Fist_of_Month(ORIGINAL_SUBMIT_DATE)||D_Prod_CD||D_SERIES||D_PRODUCT_NATRURE||D_COLOR||D_CUST_NATURE||D_PROD_TYPE||D_HSO_DESC||ANY||ANY||ANY||1|| || || || || || || || || || || || || || || || || || || ||ANY||ANY
PRD_BIZ_SUMM.PREORDER_REG_SUMM_DETAILS||IPHONE XR_XS_XSMAX||IPHONE XR_XS_XSMAX_MTHLY_HSO||Allocated Nos||2||0||Count(Distinct(Case_ID))||D_Valid||='VALID'||Status||in ('PF','PRF','F','O')||SERIES||is not null|| || || || ||Fist_of_Month(ORIGINAL_SUBMIT_DATE)||Prod_CD||SERIES||PRODUCT_NATRURE||COLOR||D_CUST_NATURE||D_PROD_TYPE||D_HSO_DESC||ANY||ANY||ANY||1|| || || || || || || || || || || || || || || || || || || ||ANY||ANY
PRD_BIZ_SUMM.PREORDER_REG_SUMM_DETAILS||IPHONE XR_XS_XSMAX||IPHONE XR_XS_XSMAX_MTHLY_HSO||Fulfilled Nos||3||0||Count(Distinct(Case_ID))||D_Valid||='VALID'||D_Status||= 'F'||SERIES||is not null|| || || || ||Fist_of_Month(ORIGINAL_SUBMIT_DATE)||Prod_CD||SERIES||PRODUCT_NATRURE||COLOR||D_CUST_NATURE||D_PROD_TYPE||D_HSO_DESC||ANY||ANY||ANY||1|| || || || || || || || || || || || || || || || || || || ||ANY||ANY
PRD_BIZ_SUMM.PREORDER_REG_SUMM_DETAILS||IPHONE XR_XS_XSMAX||IPHONE XR_XS_XSMAX_MTHLY_HSO||Expired Nos||4||0||Count(Distinct(Case_ID))||D_Valid||='VALID'||D_Status||= 'O'||SERIES||is not null|| || || || ||Fist_of_Month(ORIGINAL_SUBMIT_DATE)||Prod_CD||SERIES||PRODUCT_NATRURE||COLOR||D_CUST_NATURE||D_PROD_TYPE||D_HSO_DESC||ANY||ANY||ANY||1|| || || || || || || || || || || || || || || || || || || ||ANY||ANY
PRD_BIZ_SUMM.PREORDER_REG_SUMM_DETAILS||IPHONE XR_XS_XSMAX||IPHONE XR_XS_XSMAX_MTHLY_HSO||Void Nos||5||0||Count(Distinct(Case_ID))||D_Valid||='VALID'||D_Status||in ('V','VF')||SERIES||is not null|| || || || ||Fist_of_Month(ORIGINAL_SUBMIT_DATE)||Prod_CD||SERIES||PRODUCT_NATRURE||COLOR||D_CUST_NATURE||D_PROD_TYPE||D_HSO_DESC||ANY||ANY||ANY||1|| || || || || || || || || || || || || || || || || || || ||ANY||ANY
PRD_BIZ_SUMM.PREORDER_REG_SUMM_DETAILS||IPHONE XR_XS_XSMAX||IPHONE XR_XS_XSMAX_MTHLY_HSO||Fulfilled %||6||0||Count(Distinct(Case_ID))||D_Valid||='VALID'||D_Status||= 'F'||SERIES||is not null|| || || || ||Fist_of_Month(ORIGINAL_SUBMIT_DATE)||Prod_CD||SERIES||PRODUCT_NATRURE||COLOR||D_CUST_NATURE||D_PROD_TYPE||D_HSO_DESC||ANY||ANY||ANY||Count(Distinct(Case_ID))||D_Valid||='VALID'||Status||Not in ('VP','VR','VA')||D_Series||is not null|| || || || ||Fist_of_Month(ORIGINAL_SUBMIT_DATE)||D_Prod_CD||D_SERIES||D_PRODUCT_NATRURE||D_COLOR||D_CUST_NATURE||D_PROD_TYPE||D_HSO_DESC||ANY||ANY||ANY
PRD_BIZ_SUMM.PREORDER_REG_SUMM_DETAILS||IPHONE XR_XS_XSMAX||IPHONE XR_XS_XSMAX_MTHLY_HSO||Expired %||7||0||Count(Distinct(Case_ID))||D_Valid||='VALID'||D_Status||= 'F'||SERIES||is not null|| || || || ||Fist_of_Month(ORIGINAL_SUBMIT_DATE)||Prod_CD||SERIES||PRODUCT_NATRURE||COLOR||D_CUST_NATURE||D_PROD_TYPE||D_HSO_DESC||ANY||ANY||ANY||Count(Distinct(Case_ID))||D_Valid||='VALID'||Status||Not in ('VP','VR','VA')||D_Series||is not null|| || || || ||Fist_of_Month(ORIGINAL_SUBMIT_DATE)||D_Prod_CD||D_SERIES||D_PRODUCT_NATRURE||D_COLOR||D_CUST_NATURE||D_PROD_TYPE||D_HSO_DESC||ANY||ANY||ANY
PRD_BIZ_SUMM.PREORDER_REG_SUMM_DETAILS||IPHONE XR_XS_XSMAX||IPHONE XR_XS_XSMAX_MTHLY_HSO||Void %||8||0||Count(Distinct(Case_ID))||D_Valid||='VALID'||D_Status||in ('V','VF')||SERIES||is not null|| || || || ||Fist_of_Month(ORIGINAL_SUBMIT_DATE)||Prod_CD||SERIES||PRODUCT_NATRURE||COLOR||D_CUST_NATURE||D_PROD_TYPE||D_HSO_DESC||ANY||ANY||ANY||Count(Distinct(Case_ID))||D_Valid||='VALID'||Status||Not in ('VP','VR','VA')||D_Series||is not null|| || || || ||Fist_of_Month(ORIGINAL_SUBMIT_DATE)||D_Prod_CD||D_SERIES||D_PRODUCT_NATRURE||D_COLOR||D_CUST_NATURE||D_PROD_TYPE||D_HSO_DESC||ANY||ANY||ANY
PRD_BIZ_SUMM.PREORDER_REG_SUMM_DETAILS||IPHONE XR_XS_XSMAX||IPHONE XR_XS_XSMAX_MTHLY_HSO||Preorder Nos||1||0||Count(Distinct(Case_ID))||D_Valid||='VALID'||Status||Not in ('VP','VR','VA')||D_Series||is not null|| || || || ||Fist_of_Month(ORIGINAL_SUBMIT_DATE)||ANY||D_SERIES||D_PRODUCT_NATRURE||ANY||D_CUST_NATURE||D_PROD_TYPE||D_HSO_DESC||ANY||ANY||ANY||1|| || || || || || || || || || || || || || || || || || || ||ANY||ANY
PRD_BIZ_SUMM.PREORDER_REG_SUMM_DETAILS||IPHONE XR_XS_XSMAX||IPHONE XR_XS_XSMAX_MTHLY_HSO||Allocated Nos||2||0||Count(Distinct(Case_ID))||D_Valid||='VALID'||Status||in ('PF','PRF','F','O')||SERIES||is not null|| || || || ||Fist_of_Month(ORIGINAL_SUBMIT_DATE)||ANY||SERIES||PRODUCT_NATRURE||ANY||D_CUST_NATURE||D_PROD_TYPE||D_HSO_DESC||ANY||ANY||ANY||1|| || || || || || || || || || || || || || || || || || || ||ANY||ANY
PRD_BIZ_SUMM.PREORDER_REG_SUMM_DETAILS||IPHONE XR_XS_XSMAX||IPHONE XR_XS_XSMAX_MTHLY_HSO||Fulfilled Nos||3||0||Count(Distinct(Case_ID))||D_Valid||='VALID'||D_Status||= 'F'||SERIES||is not null|| || || || ||Fist_of_Month(ORIGINAL_SUBMIT_DATE)||ANY||SERIES||PRODUCT_NATRURE||ANY||D_CUST_NATURE||D_PROD_TYPE||D_HSO_DESC||ANY||ANY||ANY||1|| || || || || || || || || || || || || || || || || || || ||ANY||ANY
PRD_BIZ_SUMM.PREORDER_REG_SUMM_DETAILS||IPHONE XR_XS_XSMAX||IPHONE XR_XS_XSMAX_MTHLY_HSO||Expired Nos||4||0||Count(Distinct(Case_ID))||D_Valid||='VALID'||D_Status||= 'O'||SERIES||is not null|| || || || ||Fist_of_Month(ORIGINAL_SUBMIT_DATE)||ANY||SERIES||PRODUCT_NATRURE||ANY||D_CUST_NATURE||D_PROD_TYPE||D_HSO_DESC||ANY||ANY||ANY||1|| || || || || || || || || || || || || || || || || || || ||ANY||ANY
PRD_BIZ_SUMM.PREORDER_REG_SUMM_DETAILS||IPHONE XR_XS_XSMAX||IPHONE XR_XS_XSMAX_MTHLY_HSO||Void Nos||5||0||Count(Distinct(Case_ID))||D_Valid||='VALID'||D_Status||in ('V','VF')||SERIES||is not null|| || || || ||Fist_of_Month(ORIGINAL_SUBMIT_DATE)||ANY||SERIES||PRODUCT_NATRURE||ANY||D_CUST_NATURE||D_PROD_TYPE||D_HSO_DESC||ANY||ANY||ANY||1|| || || || || || || || || || || || || || || || || || || ||ANY||ANY
PRD_BIZ_SUMM.PREORDER_REG_SUMM_DETAILS||IPHONE XR_XS_XSMAX||IPHONE XR_XS_XSMAX_MTHLY_HSO||Fulfilled %||6||0||Count(Distinct(Case_ID))||D_Valid||='VALID'||D_Status||= 'F'||SERIES||is not null|| || || || ||Fist_of_Month(ORIGINAL_SUBMIT_DATE)||ANY||SERIES||PRODUCT_NATRURE||ANY||D_CUST_NATURE||D_PROD_TYPE||D_HSO_DESC||ANY||ANY||ANY||Count(Distinct(Case_ID))||D_Valid||='VALID'||Status||Not in ('VP','VR','VA')||D_Series||is not null|| || || || ||Fist_of_Month(ORIGINAL_SUBMIT_DATE)||ANY||D_SERIES||D_PRODUCT_NATRURE||ANY||D_CUST_NATURE||D_PROD_TYPE||D_HSO_DESC||ANY||ANY||ANY
PRD_BIZ_SUMM.PREORDER_REG_SUMM_DETAILS||IPHONE XR_XS_XSMAX||IPHONE XR_XS_XSMAX_MTHLY_HSO||Expired %||7||0||Count(Distinct(Case_ID))||D_Valid||='VALID'||D_Status||= 'F'||SERIES||is not null|| || || || ||Fist_of_Month(ORIGINAL_SUBMIT_DATE)||ANY||SERIES||PRODUCT_NATRURE||ANY||D_CUST_NATURE||D_PROD_TYPE||D_HSO_DESC||ANY||ANY||ANY||Count(Distinct(Case_ID))||D_Valid||='VALID'||Status||Not in ('VP','VR','VA')||D_Series||is not null|| || || || ||Fist_of_Month(ORIGINAL_SUBMIT_DATE)||ANY||D_SERIES||D_PRODUCT_NATRURE||ANY||D_CUST_NATURE||D_PROD_TYPE||D_HSO_DESC||ANY||ANY||ANY
PRD_BIZ_SUMM.PREORDER_REG_SUMM_DETAILS||IPHONE XR_XS_XSMAX||IPHONE XR_XS_XSMAX_MTHLY_HSO||Void %||8||0||Count(Distinct(Case_ID))||D_Valid||='VALID'||D_Status||in ('V','VF')||SERIES||is not null|| || || || ||Fist_of_Month(ORIGINAL_SUBMIT_DATE)||ANY||SERIES||PRODUCT_NATRURE||ANY||D_CUST_NATURE||D_PROD_TYPE||D_HSO_DESC||ANY||ANY||ANY||Count(Distinct(Case_ID))||D_Valid||='VALID'||Status||Not in ('VP','VR','VA')||D_Series||is not null|| || || || ||Fist_of_Month(ORIGINAL_SUBMIT_DATE)||ANY||D_SERIES||D_PRODUCT_NATRURE||ANY||D_CUST_NATURE||D_PROD_TYPE||D_HSO_DESC||ANY||ANY||ANY
PRD_BIZ_SUMM.PREORDER_REG_SUMM_DETAILS||IPHONE XR_XS_XSMAX||IPHONE XR_XS_XSMAX_GRANT_HSO||Preorder Nos||1||0||Count(Distinct(Case_ID))||D_Valid||='VALID'||Status||Not in ('VP','VR','VA')||D_Series||is not null|| || || || ||'1900-01-01'||D_Prod_CD||D_SERIES||D_PRODUCT_NATRURE||D_COLOR||D_CUST_NATURE||D_PROD_TYPE||D_HSO_DESC||ANY||ANY||ANY||1|| || || || || || || || || || || || || || || || || || || ||ANY||ANY
PRD_BIZ_SUMM.PREORDER_REG_SUMM_DETAILS||IPHONE XR_XS_XSMAX||IPHONE XR_XS_XSMAX_GRANT_HSO||Allocated Nos||2||0||Count(Distinct(Case_ID))||D_Valid||='VALID'||Status||in ('PF','PRF','F','O')||SERIES||is not null|| || || || ||'1900-01-01'||Prod_CD||SERIES||PRODUCT_NATRURE||COLOR||D_CUST_NATURE||D_PROD_TYPE||D_HSO_DESC||ANY||ANY||ANY||1|| || || || || || || || || || || || || || || || || || || ||ANY||ANY
PRD_BIZ_SUMM.PREORDER_REG_SUMM_DETAILS||IPHONE XR_XS_XSMAX||IPHONE XR_XS_XSMAX_GRANT_HSO||Fulfilled Nos||3||0||Count(Distinct(Case_ID))||D_Valid||='VALID'||D_Status||= 'F'||SERIES||is not null|| || || || ||'1900-01-01'||Prod_CD||SERIES||PRODUCT_NATRURE||COLOR||D_CUST_NATURE||D_PROD_TYPE||D_HSO_DESC||ANY||ANY||ANY||1|| || || || || || || || || || || || || || || || || || || ||ANY||ANY
PRD_BIZ_SUMM.PREORDER_REG_SUMM_DETAILS||IPHONE XR_XS_XSMAX||IPHONE XR_XS_XSMAX_GRANT_HSO||Expired Nos||4||0||Count(Distinct(Case_ID))||D_Valid||='VALID'||D_Status||= 'O'||SERIES||is not null|| || || || ||'1900-01-01'||Prod_CD||SERIES||PRODUCT_NATRURE||COLOR||D_CUST_NATURE||D_PROD_TYPE||D_HSO_DESC||ANY||ANY||ANY||1|| || || || || || || || || || || || || || || || || || || ||ANY||ANY
PRD_BIZ_SUMM.PREORDER_REG_SUMM_DETAILS||IPHONE XR_XS_XSMAX||IPHONE XR_XS_XSMAX_GRANT_HSO||Void Nos||5||0||Count(Distinct(Case_ID))||D_Valid||='VALID'||D_Status||in ('V','VF')||SERIES||is not null|| || || || ||'1900-01-01'||Prod_CD||SERIES||PRODUCT_NATRURE||COLOR||D_CUST_NATURE||D_PROD_TYPE||D_HSO_DESC||ANY||ANY||ANY||1|| || || || || || || || || || || || || || || || || || || ||ANY||ANY
PRD_BIZ_SUMM.PREORDER_REG_SUMM_DETAILS||IPHONE XR_XS_XSMAX||IPHONE XR_XS_XSMAX_GRANT_HSO||Fulfilled %||6||0||Count(Distinct(Case_ID))||D_Valid||='VALID'||D_Status||= 'F'||SERIES||is not null|| || || || ||'1900-01-01'||Prod_CD||SERIES||PRODUCT_NATRURE||COLOR||D_CUST_NATURE||D_PROD_TYPE||D_HSO_DESC||ANY||ANY||ANY||Count(Distinct(Case_ID))||D_Valid||='VALID'||Status||Not in ('VP','VR','VA')||D_Series||is not null|| || || || ||'1900-01-01'||D_Prod_CD||D_SERIES||D_PRODUCT_NATRURE||D_COLOR||D_CUST_NATURE||D_PROD_TYPE||D_HSO_DESC||ANY||ANY||ANY
PRD_BIZ_SUMM.PREORDER_REG_SUMM_DETAILS||IPHONE XR_XS_XSMAX||IPHONE XR_XS_XSMAX_GRANT_HSO||Expired %||7||0||Count(Distinct(Case_ID))||D_Valid||='VALID'||D_Status||= 'F'||SERIES||is not null|| || || || ||'1900-01-01'||Prod_CD||SERIES||PRODUCT_NATRURE||COLOR||D_CUST_NATURE||D_PROD_TYPE||D_HSO_DESC||ANY||ANY||ANY||Count(Distinct(Case_ID))||D_Valid||='VALID'||Status||Not in ('VP','VR','VA')||D_Series||is not null|| || || || ||'1900-01-01'||D_Prod_CD||D_SERIES||D_PRODUCT_NATRURE||D_COLOR||D_CUST_NATURE||D_PROD_TYPE||D_HSO_DESC||ANY||ANY||ANY
PRD_BIZ_SUMM.PREORDER_REG_SUMM_DETAILS||IPHONE XR_XS_XSMAX||IPHONE XR_XS_XSMAX_GRANT_HSO||Void %||8||0||Count(Distinct(Case_ID))||D_Valid||='VALID'||D_Status||in ('V','VF')||SERIES||is not null|| || || || ||'1900-01-01'||Prod_CD||SERIES||PRODUCT_NATRURE||COLOR||D_CUST_NATURE||D_PROD_TYPE||D_HSO_DESC||ANY||ANY||ANY||Count(Distinct(Case_ID))||D_Valid||='VALID'||Status||Not in ('VP','VR','VA')||D_Series||is not null|| || || || ||'1900-01-01'||D_Prod_CD||D_SERIES||D_PRODUCT_NATRURE||D_COLOR||D_CUST_NATURE||D_PROD_TYPE||D_HSO_DESC||ANY||ANY||ANY
PRD_BIZ_SUMM.PREORDER_REG_SUMM_DETAILS||IPHONE XR_XS_XSMAX||IPHONE XR_XS_XSMAX_GRANT_HSO||Preorder Nos||1||0||Count(Distinct(Case_ID))||D_Valid||='VALID'||Status||Not in ('VP','VR','VA')||D_Series||is not null|| || || || ||'1900-01-01'||ANY||D_SERIES||D_PRODUCT_NATRURE||ANY||D_CUST_NATURE||D_PROD_TYPE||D_HSO_DESC||ANY||ANY||ANY||1|| || || || || || || || || || || || || || || || || || || ||ANY||ANY
PRD_BIZ_SUMM.PREORDER_REG_SUMM_DETAILS||IPHONE XR_XS_XSMAX||IPHONE XR_XS_XSMAX_GRANT_HSO||Allocated Nos||2||0||Count(Distinct(Case_ID))||D_Valid||='VALID'||Status||in ('PF','PRF','F','O')||SERIES||is not null|| || || || ||'1900-01-01'||ANY||SERIES||PRODUCT_NATRURE||ANY||D_CUST_NATURE||D_PROD_TYPE||D_HSO_DESC||ANY||ANY||ANY||1|| || || || || || || || || || || || || || || || || || || ||ANY||ANY
PRD_BIZ_SUMM.PREORDER_REG_SUMM_DETAILS||IPHONE XR_XS_XSMAX||IPHONE XR_XS_XSMAX_GRANT_HSO||Fulfilled Nos||3||0||Count(Distinct(Case_ID))||D_Valid||='VALID'||D_Status||= 'F'||SERIES||is not null|| || || || ||'1900-01-01'||ANY||SERIES||PRODUCT_NATRURE||ANY||D_CUST_NATURE||D_PROD_TYPE||D_HSO_DESC||ANY||ANY||ANY||1|| || || || || || || || || || || || || || || || || || || ||ANY||ANY
PRD_BIZ_SUMM.PREORDER_REG_SUMM_DETAILS||IPHONE XR_XS_XSMAX||IPHONE XR_XS_XSMAX_GRANT_HSO||Expired Nos||4||0||Count(Distinct(Case_ID))||D_Valid||='VALID'||D_Status||= 'O'||SERIES||is not null|| || || || ||'1900-01-01'||ANY||SERIES||PRODUCT_NATRURE||ANY||D_CUST_NATURE||D_PROD_TYPE||D_HSO_DESC||ANY||ANY||ANY||1|| || || || || || || || || || || || || || || || || || || ||ANY||ANY
PRD_BIZ_SUMM.PREORDER_REG_SUMM_DETAILS||IPHONE XR_XS_XSMAX||IPHONE XR_XS_XSMAX_GRANT_HSO||Void Nos||5||0||Count(Distinct(Case_ID))||D_Valid||='VALID'||D_Status||in ('V','VF')||SERIES||is not null|| || || || ||'1900-01-01'||ANY||SERIES||PRODUCT_NATRURE||ANY||D_CUST_NATURE||D_PROD_TYPE||D_HSO_DESC||ANY||ANY||ANY||1|| || || || || || || || || || || || || || || || || || || ||ANY||ANY
PRD_BIZ_SUMM.PREORDER_REG_SUMM_DETAILS||IPHONE XR_XS_XSMAX||IPHONE XR_XS_XSMAX_GRANT_HSO||Fulfilled %||6||0||Count(Distinct(Case_ID))||D_Valid||='VALID'||D_Status||= 'F'||SERIES||is not null|| || || || ||'1900-01-01'||ANY||SERIES||PRODUCT_NATRURE||ANY||D_CUST_NATURE||D_PROD_TYPE||D_HSO_DESC||ANY||ANY||ANY||Count(Distinct(Case_ID))||D_Valid||='VALID'||Status||Not in ('VP','VR','VA')||D_Series||is not null|| || || || ||'1900-01-01'||ANY||D_SERIES||D_PRODUCT_NATRURE||ANY||D_CUST_NATURE||D_PROD_TYPE||D_HSO_DESC||ANY||ANY||ANY
PRD_BIZ_SUMM.PREORDER_REG_SUMM_DETAILS||IPHONE XR_XS_XSMAX||IPHONE XR_XS_XSMAX_GRANT_HSO||Expired %||7||0||Count(Distinct(Case_ID))||D_Valid||='VALID'||D_Status||= 'F'||SERIES||is not null|| || || || ||'1900-01-01'||ANY||SERIES||PRODUCT_NATRURE||ANY||D_CUST_NATURE||D_PROD_TYPE||D_HSO_DESC||ANY||ANY||ANY||Count(Distinct(Case_ID))||D_Valid||='VALID'||Status||Not in ('VP','VR','VA')||D_Series||is not null|| || || || ||'1900-01-01'||ANY||D_SERIES||D_PRODUCT_NATRURE||ANY||D_CUST_NATURE||D_PROD_TYPE||D_HSO_DESC||ANY||ANY||ANY
PRD_BIZ_SUMM.PREORDER_REG_SUMM_DETAILS||IPHONE XR_XS_XSMAX||IPHONE XR_XS_XSMAX_GRANT_HSO||Void %||8||0||Count(Distinct(Case_ID))||D_Valid||='VALID'||D_Status||in ('V','VF')||SERIES||is not null|| || || || ||'1900-01-01'||ANY||SERIES||PRODUCT_NATRURE||ANY||D_CUST_NATURE||D_PROD_TYPE||D_HSO_DESC||ANY||ANY||ANY||Count(Distinct(Case_ID))||D_Valid||='VALID'||Status||Not in ('VP','VR','VA')||D_Series||is not null|| || || || ||'1900-01-01'||ANY||D_SERIES||D_PRODUCT_NATRURE||ANY||D_CUST_NATURE||D_PROD_TYPE||D_HSO_DESC||ANY||ANY||ANY
